ws,wd,freq_val
0.0,0.0,1.629513753096076e-05
0.0,5.0,1.629513753096076e-05
0.0,10.0,4.888541259288228e-05
0.0,15.0,3.259027506192152e-05
0.0,20.0,6.518055012384304e-05
0.0,25.0,6.518055012384304e-05
0.0,30.0,1.629513753096076e-05
0.0,35.0,0.0
0.0,40.0,3.259027506192152e-05
0.0,45.0,4.888541259288228e-05
0.0,50.0,0.0
0.0,55.0,0.0
0.0,60.0,4.888541259288228e-05
0.0,65.0,1.629513753096076e-05
0.0,70.0,3.259027506192152e-05
0.0,75.0,1.629513753096076e-05
0.0,80.0,3.259027506192152e-05
0.0,85.0,4.888541259288228e-05
0.0,90.0,4.888541259288228e-05
0.0,95.0,4.888541259288228e-05
0.0,100.0,4.888541259288228e-05
0.0,105.0,6.518055012384304e-05
0.0,110.0,4.888541259288228e-05
0.0,115.0,4.888541259288228e-05
0.0,120.0,0.0
0.0,125.0,1.629513753096076e-05
0.0,130.0,1.629513753096076e-05
0.0,135.0,1.629513753096076e-05
0.0,140.0,3.259027506192152e-05
0.0,145.0,4.888541259288228e-05
0.0,150.0,1.629513753096076e-05
0.0,155.0,1.629513753096076e-05
0.0,160.0,0.0
0.0,165.0,1.629513753096076e-05
0.0,170.0,1.629513753096076e-05
0.0,175.0,3.259027506192152e-05
0.0,180.0,0.0
0.0,185.0,1.629513753096076e-05
0.0,190.0,1.629513753096076e-05
0.0,195.0,1.629513753096076e-05
0.0,200.0,1.629513753096076e-05
0.0,205.0,3.259027506192152e-05
0.0,210.0,1.629513753096076e-05
0.0,215.0,3.259027506192152e-05
0.0,220.0,4.888541259288228e-05
0.0,225.0,4.888541259288228e-05
0.0,230.0,4.888541259288228e-05
0.0,235.0,4.888541259288228e-05
0.0,240.0,4.888541259288228e-05
0.0,245.0,1.629513753096076e-05
0.0,250.0,8.14756876548038e-05
0.0,255.0,1.629513753096076e-05
0.0,260.0,1.629513753096076e-05
0.0,265.0,1.629513753096076e-05
0.0,270.0,1.629513753096076e-05
0.0,275.0,1.629513753096076e-05
0.0,280.0,3.259027506192152e-05
0.0,285.0,1.629513753096076e-05
0.0,290.0,4.888541259288228e-05
0.0,295.0,0.0
0.0,300.0,0.0
0.0,305.0,1.629513753096076e-05
0.0,310.0,1.629513753096076e-05
0.0,315.0,0.0
0.0,320.0,9.777082518576456e-05
0.0,325.0,0.0
0.0,330.0,0.0
0.0,335.0,0.0
0.0,340.0,1.629513753096076e-05
0.0,345.0,3.259027506192152e-05
0.0,350.0,4.888541259288228e-05
0.0,355.0,6.518055012384304e-05
1.0,0.0,0.00019554165037152912
1.0,5.0,0.00022813192543345064
1.0,10.0,0.00026072220049537216
1.0,15.0,0.00014665623777864684
1.0,20.0,0.00017924651284056836
1.0,25.0,0.00026072220049537216
1.0,30.0,0.00024442706296441143
1.0,35.0,0.00024442706296441143
1.0,40.0,0.00019554165037152912
1.0,45.0,0.0001629513753096076
1.0,50.0,0.0002118367879024899
1.0,55.0,0.00026072220049537216
1.0,60.0,0.00014665623777864684
1.0,65.0,0.00021183678790248988
1.0,70.0,0.00030960761308825447
1.0,75.0,0.00030960761308825447
1.0,80.0,0.0003259027506192152
1.0,85.0,0.00029331247555729374
1.0,90.0,0.0001629513753096076
1.0,95.0,0.00017924651284056836
1.0,100.0,0.0001629513753096076
1.0,105.0,0.00021183678790248988
1.0,110.0,0.00024442706296441143
1.0,115.0,0.00024442706296441143
1.0,120.0,0.0002933124755572937
1.0,125.0,0.00024442706296441143
1.0,130.0,0.0002770173380263329
1.0,135.0,0.00024442706296441143
1.0,140.0,0.00026072220049537216
1.0,145.0,0.0003259027506192152
1.0,150.0,0.00022813192543345064
1.0,155.0,0.0002933124755572937
1.0,160.0,0.00024442706296441143
1.0,165.0,0.0001629513753096076
1.0,170.0,0.00021183678790248988
1.0,175.0,0.00017924651284056836
1.0,180.0,0.00019554165037152912
1.0,185.0,0.0001629513753096076
1.0,190.0,0.0002933124755572937
1.0,195.0,0.00022813192543345064
1.0,200.0,0.0002933124755572937
1.0,205.0,0.00021183678790248988
1.0,210.0,0.0002933124755572937
1.0,215.0,0.00021183678790248988
1.0,220.0,0.00026072220049537216
1.0,225.0,0.0003259027506192152
1.0,230.0,0.00021183678790248988
1.0,235.0,0.00030960761308825447
1.0,240.0,0.000342197888150176
1.0,245.0,0.00026072220049537216
1.0,250.0,0.00021183678790248988
1.0,255.0,0.00017924651284056836
1.0,260.0,0.0003259027506192152
1.0,265.0,0.00021183678790248988
1.0,270.0,0.0003259027506192152
1.0,275.0,0.00019554165037152912
1.0,280.0,9.777082518576456e-05
1.0,285.0,0.0002770173380263329
1.0,290.0,0.00019554165037152912
1.0,295.0,0.00026072220049537216
1.0,300.0,0.00022813192543345064
1.0,305.0,0.00019554165037152912
1.0,310.0,0.00021183678790248988
1.0,315.0,0.00026072220049537216
1.0,320.0,0.00021183678790248988
1.0,325.0,0.00019554165037152912
1.0,330.0,0.0002770173380263329
1.0,335.0,0.00022813192543345064
1.0,340.0,0.00013036110024768608
1.0,345.0,0.00022813192543345064
1.0,350.0,0.0001629513753096076
1.0,355.0,0.00026072220049537216
2.0,0.0,0.0006029200886455481
2.0,5.0,0.000407378438274019
2.0,10.0,0.0005214444009907443
2.0,15.0,0.000407378438274019
2.0,20.0,0.0005540346760526659
2.0,25.0,0.00040737843827401903
2.0,30.0,0.0004888541259288228
2.0,35.0,0.0005051492634597836
2.0,40.0,0.0005866249511145874
2.0,45.0,0.0005051492634597836
2.0,50.0,0.0005540346760526658
2.0,55.0,0.0005866249511145874
2.0,60.0,0.0006029200886455481
2.0,65.0,0.0007006909138313127
2.0,70.0,0.0005540346760526659
2.0,75.0,0.0004888541259288229
2.0,80.0,0.00043996871333594055
2.0,85.0,0.0005377395385217051
2.0,90.0,0.0002770173380263329
2.0,95.0,0.0004562638508669013
2.0,100.0,0.0005540346760526658
2.0,105.0,0.0004888541259288229
2.0,110.0,0.0005051492634597836
2.0,115.0,0.0005051492634597836
2.0,120.0,0.000342197888150176
2.0,125.0,0.0004562638508669013
2.0,130.0,0.0005214444009907443
2.0,135.0,0.00042367357580497977
2.0,140.0,0.0007332811888932343
2.0,145.0,0.000472558988397862
2.0,150.0,0.0005214444009907442
2.0,155.0,0.000749576326424195
2.0,160.0,0.0008473471516099595
2.0,165.0,0.0005377395385217051
2.0,170.0,0.0005214444009907443
2.0,175.0,0.000749576326424195
2.0,180.0,0.0006192152261765088
2.0,185.0,0.0005214444009907443
2.0,190.0,0.0006029200886455481
2.0,195.0,0.0005703298135836265
2.0,200.0,0.0005866249511145874
2.0,205.0,0.0006192152261765089
2.0,210.0,0.0006843957763003519
2.0,215.0,0.0006843957763003519
2.0,220.0,0.0007821666014861165
2.0,225.0,0.0007006909138313126
2.0,230.0,0.0006029200886455482
2.0,235.0,0.0004399687133359405
2.0,240.0,0.0005866249511145874
2.0,245.0,0.0006192152261765088
2.0,250.0,0.0003910833007430583
2.0,255.0,0.0004399687133359405
2.0,260.0,0.0005051492634597836
2.0,265.0,0.00034219788815017594
2.0,270.0,0.00034219788815017594
2.0,275.0,0.0005214444009907443
2.0,280.0,0.0003584930256811367
2.0,285.0,0.0004236735758049798
2.0,290.0,0.00039108330074305825
2.0,295.0,0.00026072220049537216
2.0,300.0,0.00022813192543345064
2.0,305.0,0.000342197888150176
2.0,310.0,0.00030960761308825447
2.0,315.0,0.0004888541259288229
2.0,320.0,0.0002933124755572937
2.0,325.0,0.0004888541259288229
2.0,330.0,0.0005051492634597836
2.0,335.0,0.00022813192543345064
2.0,340.0,0.00030960761308825447
2.0,345.0,0.0004888541259288229
2.0,350.0,0.00043996871333594055
2.0,355.0,0.00043996871333594055
3.0,0.0,0.0006681006387693913
3.0,5.0,0.0007332811888932342
3.0,10.0,0.0007332811888932342
3.0,15.0,0.0007332811888932343
3.0,20.0,0.0007332811888932343
3.0,25.0,0.0007169860513622735
3.0,30.0,0.0008310520140789988
3.0,35.0,0.000749576326424195
3.0,40.0,0.0007984617390170772
3.0,45.0,0.0009125277017338027
3.0,50.0,0.0008636422891409204
3.0,55.0,0.0005540346760526658
3.0,60.0,0.0008636422891409204
3.0,65.0,0.0009940033893886065
3.0,70.0,0.0007984617390170773
3.0,75.0,0.0008962325642028417
3.0,80.0,0.0008799374266718811
3.0,85.0,0.0008636422891409204
3.0,90.0,0.0008799374266718811
3.0,95.0,0.0007006909138313127
3.0,100.0,0.0008310520140789987
3.0,105.0,0.0008310520140789988
3.0,110.0,0.0008799374266718811
3.0,115.0,0.0007169860513622735
3.0,120.0,0.000879937426671881
3.0,125.0,0.0008310520140789988
3.0,130.0,0.0008799374266718811
3.0,135.0,0.0008310520140789987
3.0,140.0,0.0010428888019814887
3.0,145.0,0.0011243644896362925
3.0,150.0,0.000945117976795724
3.0,155.0,0.001026593664450528
3.0,160.0,0.0011406596271672533
3.0,165.0,0.0009940033893886062
3.0,170.0,0.001433972102724547
3.0,175.0,0.0012710207274149394
3.0,180.0,0.0012384304523530179
3.0,185.0,0.001026593664450528
3.0,190.0,0.0011243644896362925
3.0,195.0,0.0009614131143266848
3.0,200.0,0.0009940033893886065
3.0,205.0,0.0011243644896362925
3.0,210.0,0.0009940033893886065
3.0,215.0,0.0007984617390170772
3.0,220.0,0.0007006909138313126
3.0,225.0,0.0007821666014861165
3.0,230.0,0.0008473471516099595
3.0,235.0,0.0006843957763003519
3.0,240.0,0.0009940033893886065
3.0,245.0,0.0006355103637074697
3.0,250.0,0.0007006909138313127
3.0,255.0,0.0006681006387693911
3.0,260.0,0.000684395776300352
3.0,265.0,0.0005866249511145873
3.0,270.0,0.0008473471516099595
3.0,275.0,0.00043996871333594055
3.0,280.0,0.0005540346760526658
3.0,285.0,0.0006681006387693911
3.0,290.0,0.0006192152261765089
3.0,295.0,0.0006029200886455481
3.0,300.0,0.0006029200886455481
3.0,305.0,0.0004725589883978621
3.0,310.0,0.0006355103637074697
3.0,315.0,0.0006681006387693911
3.0,320.0,0.0006192152261765089
3.0,325.0,0.0005051492634597836
3.0,330.0,0.0007006909138313126
3.0,335.0,0.0006681006387693911
3.0,340.0,0.0009125277017338026
3.0,345.0,0.0007658714639551558
3.0,350.0,0.0006518055012384304
3.0,355.0,0.0007169860513622733
4.0,0.0,0.0008310520140789988
4.0,5.0,0.0009125277017338026
4.0,10.0,0.000749576326424195
4.0,15.0,0.00149915265284839
4.0,20.0,0.0013199061400078218
4.0,25.0,0.0008962325642028418
4.0,30.0,0.001352496415069743
4.0,35.0,0.0012547255898839786
4.0,40.0,0.0011080693521053318
4.0,45.0,0.0010102985269195672
4.0,50.0,0.0011243644896362925
4.0,55.0,0.0010754790770434101
4.0,60.0,0.0011243644896362925
4.0,65.0,0.0013036110024768608
4.0,70.0,0.0010265936644505277
4.0,75.0,0.001482857515317429
4.0,80.0,0.0008636422891409203
4.0,85.0,0.000896232564202842
4.0,90.0,0.0010102985269195672
4.0,95.0,0.0008962325642028418
4.0,100.0,0.0008636422891409203
4.0,105.0,0.0008799374266718811
4.0,110.0,0.0009451179767957243
4.0,115.0,0.0014502672402555079
4.0,120.0,0.0012710207274149394
4.0,125.0,0.001222135314822057
4.0,130.0,0.001222135314822057
4.0,135.0,0.0010102985269195672
4.0,140.0,0.0014013818276626254
4.0,145.0,0.0012384304523530179
4.0,150.0,0.0012384304523530179
4.0,155.0,0.0013362012775387823
4.0,160.0,0.001482857515317429
4.0,165.0,0.002167253291617781
4.0,170.0,0.0015480380654412723
4.0,175.0,0.0014176769651935864
4.0,180.0,0.0014176769651935862
4.0,185.0,0.0014665623777864686
4.0,190.0,0.0012058401772910964
4.0,195.0,0.001156954764698214
4.0,200.0,0.0011569547646982138
4.0,205.0,0.0013362012775387825
4.0,210.0,0.0010102985269195672
4.0,215.0,0.001156954764698214
4.0,220.0,0.0007984617390170772
4.0,225.0,0.0009940033893886065
4.0,230.0,0.000749576326424195
4.0,235.0,0.0009777082518576457
4.0,240.0,0.0006681006387693911
4.0,245.0,0.0007658714639551558
4.0,250.0,0.0007006909138313126
4.0,255.0,0.0008799374266718811
4.0,260.0,0.0007169860513622733
4.0,265.0,0.0007332811888932342
4.0,270.0,0.000945117976795724
4.0,275.0,0.000684395776300352
4.0,280.0,0.0004888541259288229
4.0,285.0,0.0005866249511145874
4.0,290.0,0.0004562638508669013
4.0,295.0,0.0005051492634597835
4.0,300.0,0.0008473471516099595
4.0,305.0,0.0005866249511145875
4.0,310.0,0.0006518055012384304
4.0,315.0,0.0007658714639551558
4.0,320.0,0.0006029200886455481
4.0,325.0,0.0009125277017338026
4.0,330.0,0.0010754790770434101
4.0,335.0,0.0008310520140789988
4.0,340.0,0.0010428888019814887
4.0,345.0,0.0007658714639551558
4.0,350.0,0.0011243644896362925
4.0,355.0,0.0008799374266718811
5.0,0.0,0.0011080693521053318
5.0,5.0,0.0012547255898839784
5.0,10.0,0.001433972102724547
5.0,15.0,0.0012710207274149394
5.0,20.0,0.0013036110024768608
5.0,25.0,0.0014502672402555076
5.0,30.0,0.0012058401772910962
5.0,35.0,0.0013362012775387823
5.0,40.0,0.001368791552600704
5.0,45.0,0.0011080693521053318
5.0,50.0,0.0013524964150697432
5.0,55.0,0.001091774214574371
5.0,60.0,0.0013199061400078216
5.0,65.0,0.0014502672402555076
5.0,70.0,0.0010102985269195672
5.0,75.0,0.001368791552600704
5.0,80.0,0.0012873158649459
5.0,85.0,0.001222135314822057
5.0,90.0,0.000945117976795724
5.0,95.0,0.0011406596271672533
5.0,100.0,0.0011732499022291747
5.0,105.0,0.001368791552600704
5.0,110.0,0.0011895450397601355
5.0,115.0,0.0013524964150697432
5.0,120.0,0.0011732499022291747
5.0,125.0,0.0014339721027245471
5.0,130.0,0.0014013818276626254
5.0,135.0,0.001482857515317429
5.0,140.0,0.0014502672402555079
5.0,145.0,0.0014502672402555079
5.0,150.0,0.0019554165037152915
5.0,155.0,0.0017272845782818405
5.0,160.0,0.001776169990874723
5.0,165.0,0.0019554165037152915
5.0,170.0,0.0022976143918654675
5.0,175.0,0.0018413505409985659
5.0,180.0,0.0017435797158128017
5.0,185.0,0.0018739408160604876
5.0,190.0,0.0015643332029722332
5.0,195.0,0.0017924651284056837
5.0,200.0,0.0014502672402555076
5.0,205.0,0.0014176769651935862
5.0,210.0,0.0012547255898839786
5.0,215.0,0.0009940033893886062
5.0,220.0,0.0010591839395124494
5.0,225.0,0.0009777082518576457
5.0,230.0,0.000945117976795724
5.0,235.0,0.000961413114326685
5.0,240.0,0.000814756876548038
5.0,245.0,0.000814756876548038
5.0,250.0,0.0006192152261765089
5.0,255.0,0.0006518055012384304
5.0,260.0,0.0005866249511145875
5.0,265.0,0.00043996871333594055
5.0,270.0,0.0007332811888932343
5.0,275.0,0.0006192152261765089
5.0,280.0,0.000749576326424195
5.0,285.0,0.000749576326424195
5.0,290.0,0.0006192152261765089
5.0,295.0,0.0007658714639551557
5.0,300.0,0.0007169860513622735
5.0,305.0,0.0007984617390170772
5.0,310.0,0.0006681006387693911
5.0,315.0,0.0007658714639551558
5.0,320.0,0.0006843957763003519
5.0,325.0,0.0010102985269195672
5.0,330.0,0.0009125277017338026
5.0,335.0,0.0009451179767957242
5.0,340.0,0.0009451179767957243
5.0,345.0,0.0012547255898839786
5.0,350.0,0.0010754790770434101
5.0,355.0,0.0012384304523530177
6.0,0.0,0.001352496415069743
6.0,5.0,0.00149915265284839
6.0,10.0,0.0015480380654412723
6.0,15.0,0.0014828575153174295
6.0,20.0,0.0012873158649458999
6.0,25.0,0.0011243644896362925
6.0,30.0,0.0012710207274149394
6.0,35.0,0.0014665623777864684
6.0,40.0,0.0009777082518576457
6.0,45.0,0.0012384304523530177
6.0,50.0,0.0010754790770434101
6.0,55.0,0.0011732499022291747
6.0,60.0,0.0013036110024768608
6.0,65.0,0.0010591839395124494
6.0,70.0,0.0011243644896362925
6.0,75.0,0.0010428888019814887
6.0,80.0,0.0013036110024768608
6.0,85.0,0.0008636422891409203
6.0,90.0,0.0009777082518576457
6.0,95.0,0.0007821666014861164
6.0,100.0,0.0010917742145743709
6.0,105.0,0.0010102985269195672
6.0,110.0,0.0013362012775387823
6.0,115.0,0.0009777082518576457
6.0,120.0,0.0012873158649459
6.0,125.0,0.0012547255898839786
6.0,130.0,0.0012058401772910964
6.0,135.0,0.0016295137530960761
6.0,140.0,0.0016783991656889583
6.0,145.0,0.0014176769651935862
6.0,150.0,0.001825055403467605
6.0,155.0,0.0018087602659366446
6.0,160.0,0.0024931560422369967
6.0,165.0,0.002721287967670447
6.0,170.0,0.002656107417546604
6.0,175.0,0.0021998435666797027
6.0,180.0,0.0021020727414939383
6.0,185.0,0.0020368921913700953
6.0,190.0,0.0018413505409985659
6.0,195.0,0.0015154477903793506
6.0,200.0,0.0017598748533437622
6.0,205.0,0.0013199061400078218
6.0,210.0,0.0015480380654412723
6.0,215.0,0.0011243644896362925
6.0,220.0,0.0009614131143266849
6.0,225.0,0.001368791552600704
6.0,230.0,0.0011243644896362925
6.0,235.0,0.0009451179767957242
6.0,240.0,0.0007006909138313127
6.0,245.0,0.0007006909138313127
6.0,250.0,0.000749576326424195
6.0,255.0,0.0005051492634597836
6.0,260.0,0.000602920088645548
6.0,265.0,0.0005051492634597836
6.0,270.0,0.0005866249511145874
6.0,275.0,0.0007332811888932342
6.0,280.0,0.0006681006387693911
6.0,285.0,0.0005377395385217051
6.0,290.0,0.0007495763264241949
6.0,295.0,0.000749576326424195
6.0,300.0,0.0006355103637074697
6.0,305.0,0.0006681006387693913
6.0,310.0,0.001026593664450528
6.0,315.0,0.000749576326424195
6.0,320.0,0.0011243644896362925
6.0,325.0,0.0010754790770434103
6.0,330.0,0.0011080693521053318
6.0,335.0,0.0014828575153174293
6.0,340.0,0.0011406596271672533
6.0,345.0,0.0014502672402555079
6.0,350.0,0.0012547255898839786
6.0,355.0,0.0013524964150697432
7.0,0.0,0.0014665623777864686
7.0,5.0,0.0015806283405031937
7.0,10.0,0.0020205970538391344
7.0,15.0,0.00149915265284839
7.0,20.0,0.0014339721027245471
7.0,25.0,0.0012873158649459
7.0,30.0,0.0012547255898839786
7.0,35.0,0.0011080693521053318
7.0,40.0,0.001026593664450528
7.0,45.0,0.0010754790770434103
7.0,50.0,0.0010102985269195672
7.0,55.0,0.0010102985269195672
7.0,60.0,0.0013362012775387823
7.0,65.0,0.0013850866901316647
7.0,70.0,0.0012710207274149394
7.0,75.0,0.001156954764698214
7.0,80.0,0.0012058401772910964
7.0,85.0,0.0010428888019814887
7.0,90.0,0.0008636422891409203
7.0,95.0,0.0007984617390170772
7.0,100.0,0.0011895450397601355
7.0,105.0,0.0008473471516099595
7.0,110.0,0.0012221353148220572
7.0,115.0,0.0011895450397601355
7.0,120.0,0.0014665623777864686
7.0,125.0,0.0013850866901316647
7.0,130.0,0.0013362012775387823
7.0,135.0,0.0016621040281579976
7.0,140.0,0.001906531091122409
7.0,145.0,0.0020205970538391344
7.0,150.0,0.0016295137530960761
7.0,155.0,0.0019554165037152915
7.0,160.0,0.0024279754921131534
7.0,165.0,0.002607222004953722
7.0,170.0,0.0025583365923608397
7.0,175.0,0.0024442706296441143
7.0,180.0,0.0019391213661843305
7.0,185.0,0.0019554165037152915
7.0,190.0,0.002265024116803546
7.0,195.0,0.0019554165037152915
7.0,200.0,0.0011895450397601355
7.0,205.0,0.0012221353148220572
7.0,210.0,0.0011406596271672533
7.0,215.0,0.0012058401772910962
7.0,220.0,0.0012547255898839786
7.0,225.0,0.0009451179767957242
7.0,230.0,0.0006192152261765089
7.0,235.0,0.0005703298135836266
7.0,240.0,0.0005866249511145875
7.0,245.0,0.0007332811888932342
7.0,250.0,0.0005214444009907443
7.0,255.0,0.0005540346760526659
7.0,260.0,0.0006192152261765088
7.0,265.0,0.0006192152261765089
7.0,270.0,0.0004725589883978621
7.0,275.0,0.0004725589883978621
7.0,280.0,0.0006355103637074697
7.0,285.0,0.0006843957763003519
7.0,290.0,0.0005051492634597836
7.0,295.0,0.0005051492634597836
7.0,300.0,0.0007984617390170773
7.0,305.0,0.000814756876548038
7.0,310.0,0.0006192152261765088
7.0,315.0,0.0006681006387693911
7.0,320.0,0.0008636422891409204
7.0,325.0,0.0012384304523530179
7.0,330.0,0.0016783991656889583
7.0,335.0,0.0011895450397601355
7.0,340.0,0.0011569547646982142
7.0,345.0,0.001156954764698214
7.0,350.0,0.0016132186155651154
7.0,355.0,0.0015480380654412723
8.0,0.0,0.0020857776039629773
8.0,5.0,0.0018250554034676054
8.0,10.0,0.0019391213661843305
8.0,15.0,0.001433972102724547
8.0,20.0,0.0012058401772910964
8.0,25.0,0.0012873158649459003
8.0,30.0,0.001482857515317429
8.0,35.0,0.0012710207274149396
8.0,40.0,0.0011243644896362925
8.0,45.0,0.0010917742145743709
8.0,50.0,0.0012384304523530179
8.0,55.0,0.0009451179767957242
8.0,60.0,0.001156954764698214
8.0,65.0,0.0010917742145743709
8.0,70.0,0.0010591839395124496
8.0,75.0,0.0008799374266718811
8.0,80.0,0.0007658714639551558
8.0,85.0,0.0008310520140789988
8.0,90.0,0.0007332811888932343
8.0,95.0,0.0008636422891409204
8.0,100.0,0.0007658714639551558
8.0,105.0,0.000945117976795724
8.0,110.0,0.0009125277017338026
8.0,115.0,0.0009125277017338026
8.0,120.0,0.0010591839395124494
8.0,125.0,0.0009940033893886065
8.0,130.0,0.0014502672402555076
8.0,135.0,0.00149915265284839
8.0,140.0,0.0017435797158128013
8.0,145.0,0.0018087602659366446
8.0,150.0,0.002053187328901056
8.0,155.0,0.0022813192543345065
8.0,160.0,0.0025583365923608397
8.0,165.0,0.0024279754921131534
8.0,170.0,0.002672402555077565
8.0,175.0,0.0025746317298918
8.0,180.0,0.0027212879676704474
8.0,185.0,0.0023464998044583495
8.0,190.0,0.0029168296180419762
8.0,195.0,0.0017109894407508798
8.0,200.0,0.0014502672402555079
8.0,205.0,0.0016132186155651152
8.0,210.0,0.0013362012775387823
8.0,215.0,0.0010591839395124494
8.0,220.0,0.0011406596271672533
8.0,225.0,0.0006029200886455482
8.0,230.0,0.0006192152261765089
8.0,235.0,0.0004236735758049798
8.0,240.0,0.0006192152261765089
8.0,245.0,0.0006518055012384304
8.0,250.0,0.0004888541259288229
8.0,255.0,0.0007169860513622736
8.0,260.0,0.0005377395385217052
8.0,265.0,0.0005866249511145874
8.0,270.0,0.0003096076130882544
8.0,275.0,0.0003747881632120975
8.0,280.0,0.0005051492634597836
8.0,285.0,0.00047255898839786213
8.0,290.0,0.000684395776300352
8.0,295.0,0.0007495763264241949
8.0,300.0,0.0005703298135836266
8.0,305.0,0.0006029200886455482
8.0,310.0,0.0008473471516099594
8.0,315.0,0.000749576326424195
8.0,320.0,0.0009288228392647633
8.0,325.0,0.0012384304523530177
8.0,330.0,0.0011895450397601355
8.0,335.0,0.0012873158649459
8.0,340.0,0.0016132186155651152
8.0,345.0,0.0014991526528483898
8.0,350.0,0.0018739408160604876
8.0,355.0,0.0017761699908747227
9.0,0.0,0.0019228262286533698
9.0,5.0,0.001857645678529527
9.0,10.0,0.0018250554034676052
9.0,15.0,0.001694694303219919
9.0,20.0,0.0014339721027245471
9.0,25.0,0.0015154477903793506
9.0,30.0,0.0011406596271672533
9.0,35.0,0.0012710207274149394
9.0,40.0,0.0010102985269195672
9.0,45.0,0.0009777082518576457
9.0,50.0,0.0010428888019814887
9.0,55.0,0.0006029200886455481
9.0,60.0,0.0008636422891409203
9.0,65.0,0.0006843957763003519
9.0,70.0,0.0006355103637074697
9.0,75.0,0.0008962325642028418
9.0,80.0,0.0010917742145743709
9.0,85.0,0.0008310520140789989
9.0,90.0,0.0007006909138313127
9.0,95.0,0.0006518055012384304
9.0,100.0,0.0006681006387693911
9.0,105.0,0.0007332811888932342
9.0,110.0,0.0008310520140789988
9.0,115.0,0.0009288228392647633
9.0,120.0,0.0008636422891409203
9.0,125.0,0.0012221353148220572
9.0,130.0,0.001091774214574371
9.0,135.0,0.0014013818276626257
9.0,140.0,0.0014991526528483898
9.0,145.0,0.0017761699908747232
9.0,150.0,0.0017272845782818408
9.0,155.0,0.0022976143918654675
9.0,160.0,0.002395385217051232
9.0,165.0,0.002753878242732369
9.0,170.0,0.0025909268674227616
9.0,175.0,0.0030308955807587016
9.0,180.0,0.002395385217051232
9.0,185.0,0.002167253291617781
9.0,190.0,0.0025257463172989178
9.0,195.0,0.0022324338417416246
9.0,200.0,0.001564333202972233
9.0,205.0,0.0012547255898839786
9.0,210.0,0.001156954764698214
9.0,215.0,0.0010428888019814887
9.0,220.0,0.0008799374266718811
9.0,225.0,0.0008310520140789988
9.0,230.0,0.0004888541259288229
9.0,235.0,0.0005214444009907443
9.0,240.0,0.00026072220049537216
9.0,245.0,0.0006029200886455481
9.0,250.0,0.0005377395385217051
9.0,255.0,0.0004725589883978621
9.0,260.0,0.0004236735758049798
9.0,265.0,0.00043996871333594055
9.0,270.0,0.00030960761308825447
9.0,275.0,0.0003747881632120975
9.0,280.0,0.0004725589883978621
9.0,285.0,0.0005866249511145874
9.0,290.0,0.00030960761308825447
9.0,295.0,0.0007821666014861165
9.0,300.0,0.0007006909138313126
9.0,305.0,0.0007332811888932343
9.0,310.0,0.0006843957763003519
9.0,315.0,0.001026593664450528
9.0,320.0,0.001515447790379351
9.0,325.0,0.0017598748533437622
9.0,330.0,0.0016458088906270369
9.0,335.0,0.0016458088906270369
9.0,340.0,0.0015154477903793508
9.0,345.0,0.001971711641246252
9.0,350.0,0.0021509581540868207
9.0,355.0,0.002183548429148742
10.0,0.0,0.0021020727414939383
10.0,5.0,0.002053187328901056
10.0,10.0,0.0016783991656889586
10.0,15.0,0.0019065310911224093
10.0,20.0,0.001580628340503194
10.0,25.0,0.0012384304523530179
10.0,30.0,0.0015480380654412723
10.0,35.0,0.0011080693521053318
10.0,40.0,0.0008310520140789988
10.0,45.0,0.0008473471516099595
10.0,50.0,0.0005540346760526658
10.0,55.0,0.0007332811888932343
10.0,60.0,0.0009940033893886062
10.0,65.0,0.0006518055012384304
10.0,70.0,0.0005540346760526659
10.0,75.0,0.0006843957763003519
10.0,80.0,0.0006192152261765089
10.0,85.0,0.0008147568765480381
10.0,90.0,0.0004236735758049797
10.0,95.0,0.0007821666014861165
10.0,100.0,0.0005377395385217052
10.0,105.0,0.0005703298135836266
10.0,110.0,0.0009940033893886062
10.0,115.0,0.000684395776300352
10.0,120.0,0.0007332811888932342
10.0,125.0,0.000945117976795724
10.0,130.0,0.0010428888019814887
10.0,135.0,0.00149915265284839
10.0,140.0,0.0014339721027245467
10.0,145.0,0.0017435797158128015
10.0,150.0,0.001482857515317429
10.0,155.0,0.0017598748533437622
10.0,160.0,0.002460565767175075
10.0,165.0,0.0027701733802633294
10.0,170.0,0.003275322643723113
10.0,175.0,0.003047190718289662
10.0,180.0,0.003128666405944466
10.0,185.0,0.002933124755572937
10.0,190.0,0.0024768609047060358
10.0,195.0,0.0017109894407508798
10.0,200.0,0.0014339721027245471
10.0,205.0,0.0012058401772910962
10.0,210.0,0.0010591839395124494
10.0,215.0,0.0012058401772910964
10.0,220.0,0.0006518055012384304
10.0,225.0,0.00043996871333594055
10.0,230.0,0.00047255898839786213
10.0,235.0,0.0004725589883978621
10.0,240.0,0.0003584930256811367
10.0,245.0,0.0003584930256811368
10.0,250.0,0.0004073784382740191
10.0,255.0,0.0005540346760526658
10.0,260.0,0.0004236735758049798
10.0,265.0,0.00034219788815017594
10.0,270.0,0.00029331247555729374
10.0,275.0,0.0005866249511145874
10.0,280.0,0.0007821666014861165
10.0,285.0,0.00043996871333594045
10.0,290.0,0.0006355103637074697
10.0,295.0,0.0006192152261765089
10.0,300.0,0.0005703298135836266
10.0,305.0,0.0006681006387693913
10.0,310.0,0.0008310520140789988
10.0,315.0,0.0010102985269195672
10.0,320.0,0.0012873158649459
10.0,325.0,0.001368791552600704
10.0,330.0,0.0018250554034676052
10.0,335.0,0.002167253291617781
10.0,340.0,0.0020205970538391344
10.0,345.0,0.0019228262286533698
10.0,350.0,0.0021346630165558597
10.0,355.0,0.0020857776039629778
11.0,0.0,0.0017598748533437622
11.0,5.0,0.002053187328901056
11.0,10.0,0.0016783991656889583
11.0,15.0,0.0014013818276626252
11.0,20.0,0.001303611002476861
11.0,25.0,0.0011080693521053318
11.0,30.0,0.0012058401772910962
11.0,35.0,0.0009777082518576457
11.0,40.0,0.0009777082518576457
11.0,45.0,0.0007658714639551558
11.0,50.0,0.0006518055012384304
11.0,55.0,0.0005540346760526659
11.0,60.0,0.00047255898839786213
11.0,65.0,0.0004888541259288228
11.0,70.0,0.00030960761308825447
11.0,75.0,0.00045626385086690123
11.0,80.0,0.00030960761308825447
11.0,85.0,0.00043996871333594055
11.0,90.0,0.00043996871333594055
11.0,95.0,0.0003584930256811367
11.0,100.0,0.00030960761308825447
11.0,105.0,0.0006518055012384304
11.0,110.0,0.0005866249511145874
11.0,115.0,0.0003747881632120975
11.0,120.0,0.0007006909138313127
11.0,125.0,0.0007006909138313127
11.0,130.0,0.0009288228392647634
11.0,135.0,0.0011732499022291747
11.0,140.0,0.0014013818276626254
11.0,145.0,0.0014339721027245471
11.0,150.0,0.0015154477903793508
11.0,155.0,0.0020043019163081734
11.0,160.0,0.0028027636553252513
11.0,165.0,0.00299830530569678
11.0,170.0,0.003731586494590014
11.0,175.0,0.0034382740190327206
11.0,180.0,0.0029494198931038977
11.0,185.0,0.0026398122800156435
11.0,190.0,0.002248728979272585
11.0,195.0,0.0018087602659366444
11.0,200.0,0.0019717116412462524
11.0,205.0,0.001776169990874723
11.0,210.0,0.000945117976795724
11.0,215.0,0.0009451179767957242
11.0,220.0,0.0005540346760526659
11.0,225.0,0.00043996871333594055
11.0,230.0,0.00026072220049537216
11.0,235.0,0.00034219788815017594
11.0,240.0,0.0003584930256811368
11.0,245.0,0.00021183678790248988
11.0,250.0,0.0002770173380263329
11.0,255.0,0.00034219788815017594
11.0,260.0,0.00021183678790248988
11.0,265.0,0.0002770173380263329
11.0,270.0,0.00022813192543345064
11.0,275.0,0.00042367357580497977
11.0,280.0,0.0005051492634597836
11.0,285.0,0.0005866249511145874
11.0,290.0,0.0007006909138313127
11.0,295.0,0.0007169860513622735
11.0,300.0,0.0005540346760526658
11.0,305.0,0.0009288228392647633
11.0,310.0,0.0007821666014861166
11.0,315.0,0.0012547255898839786
11.0,320.0,0.0012873158649459
11.0,325.0,0.0014502672402555076
11.0,330.0,0.0019554165037152915
11.0,335.0,0.0020368921913700953
11.0,340.0,0.001988006778777213
11.0,345.0,0.0019391213661843307
11.0,350.0,0.0017761699908747227
11.0,355.0,0.0020043019163081734
12.0,0.0,0.0016458088906270369
12.0,5.0,0.0015969234780341547
12.0,10.0,0.0013036110024768608
12.0,15.0,0.00149915265284839
12.0,20.0,0.0013524964150697432
12.0,25.0,0.0009125277017338027
12.0,30.0,0.0007821666014861165
12.0,35.0,0.0005540346760526659
12.0,40.0,0.0006355103637074697
12.0,45.0,0.0006355103637074697
12.0,50.0,0.00037478816321209746
12.0,55.0,0.0004725589883978621
12.0,60.0,0.0003096076130882544
12.0,65.0,0.0003584930256811367
12.0,70.0,0.0002933124755572937
12.0,75.0,0.00017924651284056836
12.0,80.0,0.00030960761308825447
12.0,85.0,0.00029331247555729374
12.0,90.0,0.00026072220049537216
12.0,95.0,0.00024442706296441143
12.0,100.0,0.00039108330074305825
12.0,105.0,0.0004562638508669013
12.0,110.0,0.0003584930256811368
12.0,115.0,0.00043996871333594055
12.0,120.0,0.00039108330074305825
12.0,125.0,0.0005866249511145874
12.0,130.0,0.0007169860513622736
12.0,135.0,0.0007984617390170773
12.0,140.0,0.001156954764698214
12.0,145.0,0.001580628340503194
12.0,150.0,0.0018250554034676054
12.0,155.0,0.0023627949419893104
12.0,160.0,0.0025420414548298787
12.0,165.0,0.003340503193846956
12.0,170.0,0.003275322643723113
12.0,175.0,0.00321014209359927
12.0,180.0,0.0027701733802633294
12.0,185.0,0.0026398122800156435
12.0,190.0,0.0022976143918654675
12.0,195.0,0.0020205970538391344
12.0,200.0,0.0014828575153174293
12.0,205.0,0.0010754790770434101
12.0,210.0,0.0009125277017338027
12.0,215.0,0.0003910833007430583
12.0,220.0,0.0003096076130882544
12.0,225.0,0.00030960761308825447
12.0,230.0,0.00022813192543345064
12.0,235.0,0.00030960761308825447
12.0,240.0,0.00014665623777864684
12.0,245.0,0.00019554165037152912
12.0,250.0,0.00022813192543345064
12.0,255.0,0.00022813192543345064
12.0,260.0,0.00014665623777864684
12.0,265.0,0.00024442706296441143
12.0,270.0,0.00019554165037152912
12.0,275.0,0.0002770173380263329
12.0,280.0,0.0003584930256811368
12.0,285.0,0.0004562638508669013
12.0,290.0,0.0005703298135836266
12.0,295.0,0.0005214444009907443
12.0,300.0,0.0005540346760526658
12.0,305.0,0.0009288228392647633
12.0,310.0,0.0010102985269195672
12.0,315.0,0.001091774214574371
12.0,320.0,0.0010102985269195672
12.0,325.0,0.0015969234780341545
12.0,330.0,0.001433972102724547
12.0,335.0,0.0018087602659366444
12.0,340.0,0.0016132186155651154
12.0,345.0,0.0018739408160604876
12.0,350.0,0.0018250554034676052
12.0,355.0,0.0016783991656889583
13.0,0.0,0.0012873158649459003
13.0,5.0,0.0013036110024768608
13.0,10.0,0.0012710207274149394
13.0,15.0,0.0012873158649459003
13.0,20.0,0.0009940033893886065
13.0,25.0,0.0009125277017338026
13.0,30.0,0.0004236735758049798
13.0,35.0,0.000472558988397862
13.0,40.0,0.0003747881632120975
13.0,45.0,0.00030960761308825447
13.0,50.0,0.00026072220049537216
13.0,55.0,0.00026072220049537216
13.0,60.0,0.0003584930256811368
13.0,65.0,0.00013036110024768608
13.0,70.0,0.00014665623777864684
13.0,75.0,0.00022813192543345064
13.0,80.0,0.00013036110024768608
13.0,85.0,9.777082518576456e-05
13.0,90.0,0.00013036110024768608
13.0,95.0,0.00011406596271672532
13.0,100.0,0.00026072220049537216
13.0,105.0,0.00017924651284056836
13.0,110.0,0.00030960761308825447
13.0,115.0,0.00039108330074305825
13.0,120.0,0.0002770173380263329
13.0,125.0,0.000342197888150176
13.0,130.0,0.00039108330074305825
13.0,135.0,0.0007169860513622736
13.0,140.0,0.0009288228392647633
13.0,145.0,0.0010754790770434103
13.0,150.0,0.0016132186155651154
13.0,155.0,0.0020205970538391344
13.0,160.0,0.0021346630165558593
13.0,165.0,0.0030471907182896625
13.0,170.0,0.003079780993351584
13.0,175.0,0.0031123712684135055
13.0,180.0,0.00236279494198931
13.0,185.0,0.002167253291617781
13.0,190.0,0.0017761699908747232
13.0,195.0,0.0012221353148220572
13.0,200.0,0.0005214444009907443
13.0,205.0,0.000407378438274019
13.0,210.0,0.0003259027506192152
13.0,215.0,0.00030960761308825447
13.0,220.0,0.00011406596271672532
13.0,225.0,0.00014665623777864684
13.0,230.0,0.00021183678790248988
13.0,235.0,0.00013036110024768608
13.0,240.0,0.00017924651284056836
13.0,245.0,0.00019554165037152912
13.0,250.0,6.518055012384304e-05
13.0,255.0,9.777082518576456e-05
13.0,260.0,0.00014665623777864684
13.0,265.0,8.14756876548038e-05
13.0,270.0,0.00013036110024768608
13.0,275.0,0.00014665623777864684
13.0,280.0,0.00030960761308825447
13.0,285.0,0.0003259027506192152
13.0,290.0,0.0005214444009907443
13.0,295.0,0.0006843957763003519
13.0,300.0,0.0006518055012384305
13.0,305.0,0.0007821666014861166
13.0,310.0,0.0009125277017338026
13.0,315.0,0.0008473471516099595
13.0,320.0,0.0009288228392647634
13.0,325.0,0.0013850866901316647
13.0,330.0,0.0014828575153174293
13.0,335.0,0.0016783991656889586
13.0,340.0,0.0013850866901316647
13.0,345.0,0.001433972102724547
13.0,350.0,0.0013850866901316647
13.0,355.0,0.0014013818276626257
14.0,0.0,0.0006192152261765089
14.0,5.0,0.0007658714639551558
14.0,10.0,0.0007984617390170772
14.0,15.0,0.0006843957763003519
14.0,20.0,0.0007169860513622736
14.0,25.0,0.0004562638508669013
14.0,30.0,0.0003259027506192152
14.0,35.0,0.0003259027506192152
14.0,40.0,0.00027701733802633295
14.0,45.0,0.00017924651284056836
14.0,50.0,9.777082518576456e-05
14.0,55.0,6.518055012384304e-05
14.0,60.0,0.00013036110024768608
14.0,65.0,3.259027506192152e-05
14.0,70.0,4.888541259288228e-05
14.0,75.0,8.14756876548038e-05
14.0,80.0,4.888541259288228e-05
14.0,85.0,3.259027506192152e-05
14.0,90.0,3.259027506192152e-05
14.0,95.0,8.14756876548038e-05
14.0,100.0,8.14756876548038e-05
14.0,105.0,0.00014665623777864684
14.0,110.0,8.14756876548038e-05
14.0,115.0,0.00013036110024768608
14.0,120.0,8.14756876548038e-05
14.0,125.0,0.00017924651284056836
14.0,130.0,0.00039108330074305825
14.0,135.0,0.00034219788815017594
14.0,140.0,0.0004888541259288229
14.0,145.0,0.0005540346760526659
14.0,150.0,0.0005540346760526659
14.0,155.0,0.0009614131143266848
14.0,160.0,0.0017435797158128013
14.0,165.0,0.001792465128405684
14.0,170.0,0.0023627949419893104
14.0,175.0,0.0018739408160604876
14.0,180.0,0.0017109894407508798
14.0,185.0,0.0010428888019814887
14.0,190.0,0.0006681006387693913
14.0,195.0,0.0002770173380263329
14.0,200.0,0.00021183678790248988
14.0,205.0,0.00017924651284056836
14.0,210.0,0.00017924651284056836
14.0,215.0,9.777082518576456e-05
14.0,220.0,4.888541259288228e-05
14.0,225.0,1.629513753096076e-05
14.0,230.0,0.0
14.0,235.0,0.0
14.0,240.0,3.259027506192152e-05
14.0,245.0,0.00013036110024768608
14.0,250.0,3.259027506192152e-05
14.0,255.0,4.888541259288228e-05
14.0,260.0,4.888541259288228e-05
14.0,265.0,4.888541259288228e-05
14.0,270.0,1.629513753096076e-05
14.0,275.0,0.00013036110024768608
14.0,280.0,9.777082518576456e-05
14.0,285.0,0.00024442706296441143
14.0,290.0,0.00014665623777864684
14.0,295.0,0.0003910833007430583
14.0,300.0,0.000472558988397862
14.0,305.0,0.0006192152261765089
14.0,310.0,0.0005377395385217051
14.0,315.0,0.0005866249511145874
14.0,320.0,0.0007658714639551557
14.0,325.0,0.0010591839395124494
14.0,330.0,0.0012384304523530179
14.0,335.0,0.0010754790770434103
14.0,340.0,0.0008147568765480381
14.0,345.0,0.0008473471516099596
14.0,350.0,0.0008310520140789988
14.0,355.0,0.0009777082518576457
15.0,0.0,0.000472558988397862
15.0,5.0,0.000342197888150176
15.0,10.0,0.0004888541259288229
15.0,15.0,0.0002770173380263329
15.0,20.0,0.00027701733802633295
15.0,25.0,0.00030960761308825447
15.0,30.0,0.00019554165037152912
15.0,35.0,9.777082518576456e-05
15.0,40.0,6.518055012384304e-05
15.0,45.0,9.777082518576456e-05
15.0,50.0,6.518055012384304e-05
15.0,55.0,4.888541259288228e-05
15.0,60.0,1.629513753096076e-05
15.0,65.0,3.259027506192152e-05
15.0,70.0,4.888541259288228e-05
15.0,75.0,1.629513753096076e-05
15.0,80.0,8.14756876548038e-05
15.0,85.0,6.518055012384304e-05
15.0,90.0,1.629513753096076e-05
15.0,95.0,3.259027506192152e-05
15.0,100.0,0.0
15.0,105.0,8.14756876548038e-05
15.0,110.0,1.629513753096076e-05
15.0,115.0,8.14756876548038e-05
15.0,120.0,4.888541259288228e-05
15.0,125.0,1.629513753096076e-05
15.0,130.0,0.00027701733802633295
15.0,135.0,0.00014665623777864684
15.0,140.0,0.00024442706296441143
15.0,145.0,0.0001629513753096076
15.0,150.0,0.00027701733802633295
15.0,155.0,0.00034219788815017594
15.0,160.0,0.0007169860513622733
15.0,165.0,0.0009288228392647633
15.0,170.0,0.0012873158649459003
15.0,175.0,0.0008636422891409203
15.0,180.0,0.0007006909138313127
15.0,185.0,0.00040737843827401903
15.0,190.0,0.00024442706296441143
15.0,195.0,8.14756876548038e-05
15.0,200.0,4.888541259288228e-05
15.0,205.0,1.629513753096076e-05
15.0,210.0,3.259027506192152e-05
15.0,215.0,1.629513753096076e-05
15.0,220.0,0.0
15.0,225.0,4.888541259288228e-05
15.0,230.0,3.259027506192152e-05
15.0,235.0,1.629513753096076e-05
15.0,240.0,0.0
15.0,245.0,1.629513753096076e-05
15.0,250.0,0.0
15.0,255.0,0.0
15.0,260.0,1.629513753096076e-05
15.0,265.0,3.259027506192152e-05
15.0,270.0,0.0
15.0,275.0,1.629513753096076e-05
15.0,280.0,4.888541259288228e-05
15.0,285.0,6.518055012384304e-05
15.0,290.0,0.00013036110024768608
15.0,295.0,0.00022813192543345064
15.0,300.0,0.00035849302568113667
15.0,305.0,0.0005377395385217051
15.0,310.0,0.00042367357580497977
15.0,315.0,0.0005377395385217051
15.0,320.0,0.0005703298135836265
15.0,325.0,0.0007495763264241949
15.0,330.0,0.0006843957763003519
15.0,335.0,0.0008147568765480381
15.0,340.0,0.0006192152261765089
15.0,345.0,0.0006681006387693913
15.0,350.0,0.0007495763264241949
15.0,355.0,0.0007006909138313128
16.0,0.0,0.0004236735758049798
16.0,5.0,0.00027701733802633295
16.0,10.0,0.000342197888150176
16.0,15.0,0.00021183678790248988
16.0,20.0,0.000342197888150176
16.0,25.0,0.0001629513753096076
16.0,30.0,4.888541259288228e-05
16.0,35.0,8.14756876548038e-05
16.0,40.0,1.629513753096076e-05
16.0,45.0,3.259027506192152e-05
16.0,50.0,0.0
16.0,55.0,1.629513753096076e-05
16.0,60.0,1.629513753096076e-05
16.0,65.0,0.0
16.0,70.0,1.629513753096076e-05
16.0,75.0,0.0
16.0,80.0,0.0
16.0,85.0,0.0
16.0,90.0,0.0
16.0,95.0,1.629513753096076e-05
16.0,100.0,3.259027506192152e-05
16.0,105.0,1.629513753096076e-05
16.0,110.0,1.629513753096076e-05
16.0,115.0,3.259027506192152e-05
16.0,120.0,4.888541259288228e-05
16.0,125.0,1.629513753096076e-05
16.0,130.0,3.259027506192152e-05
16.0,135.0,6.518055012384304e-05
16.0,140.0,8.14756876548038e-05
16.0,145.0,9.777082518576456e-05
16.0,150.0,0.00013036110024768608
16.0,155.0,0.00017924651284056836
16.0,160.0,0.0003259027506192152
16.0,165.0,0.0005214444009907443
16.0,170.0,0.0006029200886455482
16.0,175.0,0.00039108330074305825
16.0,180.0,0.00021183678790248988
16.0,185.0,0.00014665623777864684
16.0,190.0,0.00014665623777864684
16.0,195.0,6.518055012384304e-05
16.0,200.0,1.629513753096076e-05
16.0,205.0,0.0
16.0,210.0,0.0
16.0,215.0,0.0
16.0,220.0,0.0
16.0,225.0,0.0
16.0,230.0,0.0
16.0,235.0,1.629513753096076e-05
16.0,240.0,3.259027506192152e-05
16.0,245.0,0.0
16.0,250.0,0.0
16.0,255.0,3.259027506192152e-05
16.0,260.0,1.629513753096076e-05
16.0,265.0,1.629513753096076e-05
16.0,270.0,3.259027506192152e-05
16.0,275.0,0.0
16.0,280.0,1.629513753096076e-05
16.0,285.0,3.259027506192152e-05
16.0,290.0,0.00011406596271672532
16.0,295.0,0.00014665623777864684
16.0,300.0,0.0001629513753096076
16.0,305.0,0.0003259027506192152
16.0,310.0,0.00019554165037152912
16.0,315.0,0.00026072220049537216
16.0,320.0,0.0002933124755572937
16.0,325.0,0.00039108330074305825
16.0,330.0,0.0005540346760526659
16.0,335.0,0.0005051492634597836
16.0,340.0,0.0005377395385217051
16.0,345.0,0.00039108330074305825
16.0,350.0,0.00042367357580497977
16.0,355.0,0.0005540346760526659
17.0,0.0,0.0002770173380263329
17.0,5.0,0.00019554165037152912
17.0,10.0,8.14756876548038e-05
17.0,15.0,9.777082518576456e-05
17.0,20.0,8.14756876548038e-05
17.0,25.0,3.259027506192152e-05
17.0,30.0,4.888541259288228e-05
17.0,35.0,3.259027506192152e-05
17.0,40.0,1.629513753096076e-05
17.0,45.0,0.0
17.0,50.0,0.0
17.0,55.0,0.0
17.0,60.0,0.0
17.0,65.0,0.0
17.0,70.0,0.0
17.0,75.0,3.259027506192152e-05
17.0,80.0,0.0
17.0,85.0,0.0
17.0,90.0,0.0
17.0,95.0,1.629513753096076e-05
17.0,100.0,1.629513753096076e-05
17.0,105.0,0.0
17.0,110.0,0.0
17.0,115.0,4.888541259288228e-05
17.0,120.0,0.0
17.0,125.0,0.0
17.0,130.0,1.629513753096076e-05
17.0,135.0,0.0
17.0,140.0,0.0
17.0,145.0,0.0
17.0,150.0,0.0
17.0,155.0,1.629513753096076e-05
17.0,160.0,0.00014665623777864684
17.0,165.0,0.00022813192543345064
17.0,170.0,0.00030960761308825447
17.0,175.0,0.0001629513753096076
17.0,180.0,0.00017924651284056836
17.0,185.0,8.14756876548038e-05
17.0,190.0,8.14756876548038e-05
17.0,195.0,0.0
17.0,200.0,3.259027506192152e-05
17.0,205.0,0.0
17.0,210.0,0.0
17.0,215.0,0.0
17.0,220.0,1.629513753096076e-05
17.0,225.0,0.0
17.0,230.0,1.629513753096076e-05
17.0,235.0,0.0
17.0,240.0,0.0
17.0,245.0,0.0
17.0,250.0,0.0
17.0,255.0,0.0
17.0,260.0,0.0
17.0,265.0,0.0
17.0,270.0,0.0
17.0,275.0,1.629513753096076e-05
17.0,280.0,0.0
17.0,285.0,0.0
17.0,290.0,3.259027506192152e-05
17.0,295.0,0.00011406596271672532
17.0,300.0,4.888541259288228e-05
17.0,305.0,8.14756876548038e-05
17.0,310.0,0.00013036110024768608
17.0,315.0,0.00022813192543345064
17.0,320.0,4.888541259288228e-05
17.0,325.0,0.00017924651284056836
17.0,330.0,0.0002770173380263329
17.0,335.0,0.00019554165037152912
17.0,340.0,0.00034219788815017594
17.0,345.0,0.000472558988397862
17.0,350.0,0.00030960761308825447
17.0,355.0,0.00019554165037152912
18.0,0.0,6.518055012384304e-05
18.0,5.0,9.777082518576456e-05
18.0,10.0,1.629513753096076e-05
18.0,15.0,1.629513753096076e-05
18.0,20.0,1.629513753096076e-05
18.0,25.0,4.888541259288228e-05
18.0,30.0,3.259027506192152e-05
18.0,35.0,3.259027506192152e-05
18.0,40.0,0.0
18.0,45.0,0.0
18.0,50.0,0.0
18.0,55.0,0.0
18.0,60.0,1.629513753096076e-05
18.0,65.0,1.629513753096076e-05
18.0,70.0,0.0
18.0,75.0,0.0
18.0,80.0,1.629513753096076e-05
18.0,85.0,0.0
18.0,90.0,0.0
18.0,95.0,0.0
18.0,100.0,0.0
18.0,105.0,1.629513753096076e-05
18.0,110.0,0.0
18.0,115.0,0.0
18.0,120.0,0.0
18.0,125.0,0.0
18.0,130.0,0.0
18.0,135.0,0.0
18.0,140.0,1.629513753096076e-05
18.0,145.0,0.0
18.0,150.0,0.0
18.0,155.0,6.518055012384304e-05
18.0,160.0,4.888541259288228e-05
18.0,165.0,6.518055012384304e-05
18.0,170.0,8.14756876548038e-05
18.0,175.0,0.00013036110024768608
18.0,180.0,0.00014665623777864684
18.0,185.0,4.888541259288228e-05
18.0,190.0,1.629513753096076e-05
18.0,195.0,0.0
18.0,200.0,0.0
18.0,205.0,0.0
18.0,210.0,1.629513753096076e-05
18.0,215.0,0.0
18.0,220.0,0.0
18.0,225.0,0.0
18.0,230.0,0.0
18.0,235.0,0.0
18.0,240.0,0.0
18.0,245.0,0.0
18.0,250.0,0.0
18.0,255.0,0.0
18.0,260.0,0.0
18.0,265.0,0.0
18.0,270.0,0.0
18.0,275.0,0.0
18.0,280.0,0.0
18.0,285.0,0.0
18.0,290.0,3.259027506192152e-05
18.0,295.0,9.777082518576456e-05
18.0,300.0,6.518055012384304e-05
18.0,305.0,4.888541259288228e-05
18.0,310.0,3.259027506192152e-05
18.0,315.0,9.777082518576456e-05
18.0,320.0,8.14756876548038e-05
18.0,325.0,6.518055012384304e-05
18.0,330.0,0.00013036110024768608
18.0,335.0,9.777082518576456e-05
18.0,340.0,0.00013036110024768608
18.0,345.0,0.00017924651284056836
18.0,350.0,0.00017924651284056836
18.0,355.0,8.14756876548038e-05
19.0,0.0,4.888541259288228e-05
19.0,5.0,6.518055012384304e-05
19.0,10.0,1.629513753096076e-05
19.0,15.0,0.0
19.0,20.0,0.0
19.0,25.0,1.629513753096076e-05
19.0,30.0,3.259027506192152e-05
19.0,35.0,0.0
19.0,40.0,0.0
19.0,45.0,0.0
19.0,50.0,0.0
19.0,55.0,0.0
19.0,60.0,0.0
19.0,65.0,0.0
19.0,70.0,0.0
19.0,75.0,0.0
19.0,80.0,0.0
19.0,85.0,0.0
19.0,90.0,0.0
19.0,95.0,0.0
19.0,100.0,0.0
19.0,105.0,0.0
19.0,110.0,0.0
19.0,115.0,0.0
19.0,120.0,0.0
19.0,125.0,0.0
19.0,130.0,0.0
19.0,135.0,0.0
19.0,140.0,1.629513753096076e-05
19.0,145.0,0.0
19.0,150.0,0.0
19.0,155.0,0.0
19.0,160.0,0.0
19.0,165.0,0.0
19.0,170.0,3.259027506192152e-05
19.0,175.0,6.518055012384304e-05
19.0,180.0,4.888541259288228e-05
19.0,185.0,1.629513753096076e-05
19.0,190.0,0.0
19.0,195.0,1.629513753096076e-05
19.0,200.0,0.0
19.0,205.0,0.0
19.0,210.0,0.0
19.0,215.0,1.629513753096076e-05
19.0,220.0,0.0
19.0,225.0,0.0
19.0,230.0,0.0
19.0,235.0,0.0
19.0,240.0,0.0
19.0,245.0,0.0
19.0,250.0,0.0
19.0,255.0,1.629513753096076e-05
19.0,260.0,0.0
19.0,265.0,0.0
19.0,270.0,0.0
19.0,275.0,0.0
19.0,280.0,0.0
19.0,285.0,3.259027506192152e-05
19.0,290.0,0.0
19.0,295.0,1.629513753096076e-05
19.0,300.0,4.888541259288228e-05
19.0,305.0,0.0
19.0,310.0,1.629513753096076e-05
19.0,315.0,0.0
19.0,320.0,0.0
19.0,325.0,9.777082518576456e-05
19.0,330.0,4.888541259288228e-05
19.0,335.0,4.888541259288228e-05
19.0,340.0,0.00014665623777864684
19.0,345.0,8.14756876548038e-05
19.0,350.0,0.00011406596271672532
19.0,355.0,4.888541259288228e-05
20.0,0.0,4.888541259288228e-05
20.0,5.0,0.0
20.0,10.0,0.0
20.0,15.0,1.629513753096076e-05
20.0,20.0,0.0
20.0,25.0,0.0
20.0,30.0,0.0
20.0,35.0,1.629513753096076e-05
20.0,40.0,0.0
20.0,45.0,0.0
20.0,50.0,0.0
20.0,55.0,0.0
20.0,60.0,0.0
20.0,65.0,0.0
20.0,70.0,0.0
20.0,75.0,0.0
20.0,80.0,0.0
20.0,85.0,0.0
20.0,90.0,0.0
20.0,95.0,0.0
20.0,100.0,0.0
20.0,105.0,0.0
20.0,110.0,1.629513753096076e-05
20.0,115.0,0.0
20.0,120.0,0.0
20.0,125.0,0.0
20.0,130.0,0.0
20.0,135.0,0.0
20.0,140.0,0.0
20.0,145.0,0.0
20.0,150.0,0.0
20.0,155.0,0.0
20.0,160.0,0.0
20.0,165.0,1.629513753096076e-05
20.0,170.0,1.629513753096076e-05
20.0,175.0,3.259027506192152e-05
20.0,180.0,1.629513753096076e-05
20.0,185.0,1.629513753096076e-05
20.0,190.0,0.0
20.0,195.0,0.0
20.0,200.0,0.0
20.0,205.0,0.0
20.0,210.0,0.0
20.0,215.0,0.0
20.0,220.0,0.0
20.0,225.0,0.0
20.0,230.0,0.0
20.0,235.0,0.0
20.0,240.0,1.629513753096076e-05
20.0,245.0,0.0
20.0,250.0,0.0
20.0,255.0,0.0
20.0,260.0,0.0
20.0,265.0,0.0
20.0,270.0,0.0
20.0,275.0,0.0
20.0,280.0,0.0
20.0,285.0,1.629513753096076e-05
20.0,290.0,0.0
20.0,295.0,0.0
20.0,300.0,0.0
20.0,305.0,3.259027506192152e-05
20.0,310.0,6.518055012384304e-05
20.0,315.0,3.259027506192152e-05
20.0,320.0,0.0
20.0,325.0,0.0
20.0,330.0,3.259027506192152e-05
20.0,335.0,0.0
20.0,340.0,1.629513753096076e-05
20.0,345.0,9.777082518576456e-05
20.0,350.0,4.888541259288228e-05
20.0,355.0,1.629513753096076e-05
21.0,0.0,0.0
21.0,5.0,1.629513753096076e-05
21.0,10.0,0.0
21.0,15.0,0.0
21.0,20.0,0.0
21.0,25.0,0.0
21.0,30.0,0.0
21.0,35.0,0.0
21.0,40.0,0.0
21.0,45.0,0.0
21.0,50.0,0.0
21.0,55.0,0.0
21.0,60.0,0.0
21.0,65.0,0.0
21.0,70.0,0.0
21.0,75.0,0.0
21.0,80.0,0.0
21.0,85.0,0.0
21.0,90.0,0.0
21.0,95.0,0.0
21.0,100.0,0.0
21.0,105.0,0.0
21.0,110.0,0.0
21.0,115.0,0.0
21.0,120.0,0.0
21.0,125.0,0.0
21.0,130.0,0.0
21.0,135.0,0.0
21.0,140.0,0.0
21.0,145.0,0.0
21.0,150.0,0.0
21.0,155.0,0.0
21.0,160.0,0.0
21.0,165.0,0.0
21.0,170.0,0.0
21.0,175.0,1.629513753096076e-05
21.0,180.0,0.0
21.0,185.0,0.0
21.0,190.0,0.0
21.0,195.0,0.0
21.0,200.0,0.0
21.0,205.0,0.0
21.0,210.0,1.629513753096076e-05
21.0,215.0,0.0
21.0,220.0,0.0
21.0,225.0,0.0
21.0,230.0,0.0
21.0,235.0,0.0
21.0,240.0,0.0
21.0,245.0,0.0
21.0,250.0,0.0
21.0,255.0,0.0
21.0,260.0,0.0
21.0,265.0,1.629513753096076e-05
21.0,270.0,0.0
21.0,275.0,0.0
21.0,280.0,0.0
21.0,285.0,0.0
21.0,290.0,0.0
21.0,295.0,0.0
21.0,300.0,0.0
21.0,305.0,0.0
21.0,310.0,0.0
21.0,315.0,0.0
21.0,320.0,0.0
21.0,325.0,0.0
21.0,330.0,1.629513753096076e-05
21.0,335.0,6.518055012384304e-05
21.0,340.0,3.259027506192152e-05
21.0,345.0,1.629513753096076e-05
21.0,350.0,0.0
21.0,355.0,0.0
22.0,0.0,0.0
22.0,5.0,0.0
22.0,10.0,0.0
22.0,15.0,0.0
22.0,20.0,0.0
22.0,25.0,0.0
22.0,30.0,0.0
22.0,35.0,0.0
22.0,40.0,0.0
22.0,45.0,0.0
22.0,50.0,0.0
22.0,55.0,0.0
22.0,60.0,0.0
22.0,65.0,0.0
22.0,70.0,0.0
22.0,75.0,0.0
22.0,80.0,0.0
22.0,85.0,0.0
22.0,90.0,0.0
22.0,95.0,0.0
22.0,100.0,0.0
22.0,105.0,0.0
22.0,110.0,0.0
22.0,115.0,0.0
22.0,120.0,0.0
22.0,125.0,0.0
22.0,130.0,0.0
22.0,135.0,0.0
22.0,140.0,0.0
22.0,145.0,0.0
22.0,150.0,0.0
22.0,155.0,0.0
22.0,160.0,0.0
22.0,165.0,1.629513753096076e-05
22.0,170.0,0.0
22.0,175.0,0.0
22.0,180.0,0.0
22.0,185.0,0.0
22.0,190.0,0.0
22.0,195.0,0.0
22.0,200.0,0.0
22.0,205.0,1.629513753096076e-05
22.0,210.0,0.0
22.0,215.0,0.0
22.0,220.0,0.0
22.0,225.0,0.0
22.0,230.0,0.0
22.0,235.0,0.0
22.0,240.0,0.0
22.0,245.0,0.0
22.0,250.0,0.0
22.0,255.0,0.0
22.0,260.0,0.0
22.0,265.0,0.0
22.0,270.0,0.0
22.0,275.0,0.0
22.0,280.0,0.0
22.0,285.0,0.0
22.0,290.0,1.629513753096076e-05
22.0,295.0,0.0
22.0,300.0,0.0
22.0,305.0,0.0
22.0,310.0,0.0
22.0,315.0,0.0
22.0,320.0,1.629513753096076e-05
22.0,325.0,0.0
22.0,330.0,0.0
22.0,335.0,0.0
22.0,340.0,0.0
22.0,345.0,0.0
22.0,350.0,0.0
22.0,355.0,0.0
23.0,0.0,0.0
23.0,5.0,0.0
23.0,10.0,0.0
23.0,15.0,0.0
23.0,20.0,0.0
23.0,25.0,0.0
23.0,30.0,0.0
23.0,35.0,0.0
23.0,40.0,0.0
23.0,45.0,0.0
23.0,50.0,0.0
23.0,55.0,0.0
23.0,60.0,0.0
23.0,65.0,0.0
23.0,70.0,0.0
23.0,75.0,0.0
23.0,80.0,0.0
23.0,85.0,0.0
23.0,90.0,0.0
23.0,95.0,0.0
23.0,100.0,0.0
23.0,105.0,0.0
23.0,110.0,0.0
23.0,115.0,0.0
23.0,120.0,0.0
23.0,125.0,0.0
23.0,130.0,0.0
23.0,135.0,0.0
23.0,140.0,0.0
23.0,145.0,0.0
23.0,150.0,0.0
23.0,155.0,0.0
23.0,160.0,0.0
23.0,165.0,0.0
23.0,170.0,0.0
23.0,175.0,0.0
23.0,180.0,0.0
23.0,185.0,0.0
23.0,190.0,0.0
23.0,195.0,0.0
23.0,200.0,0.0
23.0,205.0,0.0
23.0,210.0,0.0
23.0,215.0,0.0
23.0,220.0,0.0
23.0,225.0,0.0
23.0,230.0,0.0
23.0,235.0,0.0
23.0,240.0,0.0
23.0,245.0,0.0
23.0,250.0,0.0
23.0,255.0,0.0
23.0,260.0,0.0
23.0,265.0,0.0
23.0,270.0,0.0
23.0,275.0,0.0
23.0,280.0,0.0
23.0,285.0,0.0
23.0,290.0,0.0
23.0,295.0,0.0
23.0,300.0,0.0
23.0,305.0,1.629513753096076e-05
23.0,310.0,0.0
23.0,315.0,0.0
23.0,320.0,0.0
23.0,325.0,1.629513753096076e-05
23.0,330.0,0.0
23.0,335.0,3.259027506192152e-05
23.0,340.0,0.0
23.0,345.0,0.0
23.0,350.0,0.0
23.0,355.0,0.0
24.0,0.0,1.629513753096076e-05
24.0,5.0,0.0
24.0,10.0,0.0
24.0,15.0,0.0
24.0,20.0,0.0
24.0,25.0,0.0
24.0,30.0,0.0
24.0,35.0,0.0
24.0,40.0,0.0
24.0,45.0,0.0
24.0,50.0,0.0
24.0,55.0,0.0
24.0,60.0,0.0
24.0,65.0,0.0
24.0,70.0,0.0
24.0,75.0,0.0
24.0,80.0,0.0
24.0,85.0,0.0
24.0,90.0,0.0
24.0,95.0,0.0
24.0,100.0,0.0
24.0,105.0,0.0
24.0,110.0,0.0
24.0,115.0,0.0
24.0,120.0,0.0
24.0,125.0,0.0
24.0,130.0,0.0
24.0,135.0,0.0
24.0,140.0,0.0
24.0,145.0,0.0
24.0,150.0,0.0
24.0,155.0,0.0
24.0,160.0,0.0
24.0,165.0,0.0
24.0,170.0,0.0
24.0,175.0,0.0
24.0,180.0,0.0
24.0,185.0,0.0
24.0,190.0,0.0
24.0,195.0,0.0
24.0,200.0,0.0
24.0,205.0,0.0
24.0,210.0,0.0
24.0,215.0,0.0
24.0,220.0,0.0
24.0,225.0,0.0
24.0,230.0,0.0
24.0,235.0,0.0
24.0,240.0,0.0
24.0,245.0,0.0
24.0,250.0,0.0
24.0,255.0,0.0
24.0,260.0,0.0
24.0,265.0,0.0
24.0,270.0,0.0
24.0,275.0,0.0
24.0,280.0,0.0
24.0,285.0,0.0
24.0,290.0,0.0
24.0,295.0,0.0
24.0,300.0,0.0
24.0,305.0,0.0
24.0,310.0,0.0
24.0,315.0,0.0
24.0,320.0,0.0
24.0,325.0,0.0
24.0,330.0,0.0
24.0,335.0,0.0
24.0,340.0,0.0
24.0,345.0,0.0
24.0,350.0,1.629513753096076e-05
24.0,355.0,0.0
25.0,0.0,0.0
25.0,5.0,0.0
25.0,10.0,0.0
25.0,15.0,0.0
25.0,20.0,0.0
25.0,25.0,0.0
25.0,30.0,0.0
25.0,35.0,0.0
25.0,40.0,0.0
25.0,45.0,0.0
25.0,50.0,0.0
25.0,55.0,0.0
25.0,60.0,0.0
25.0,65.0,0.0
25.0,70.0,0.0
25.0,75.0,0.0
25.0,80.0,0.0
25.0,85.0,0.0
25.0,90.0,0.0
25.0,95.0,0.0
25.0,100.0,0.0
25.0,105.0,0.0
25.0,110.0,0.0
25.0,115.0,0.0
25.0,120.0,0.0
25.0,125.0,0.0
25.0,130.0,0.0
25.0,135.0,0.0
25.0,140.0,0.0
25.0,145.0,0.0
25.0,150.0,0.0
25.0,155.0,0.0
25.0,160.0,0.0
25.0,165.0,0.0
25.0,170.0,0.0
25.0,175.0,0.0
25.0,180.0,0.0
25.0,185.0,0.0
25.0,190.0,0.0
25.0,195.0,0.0
25.0,200.0,0.0
25.0,205.0,0.0
25.0,210.0,0.0
25.0,215.0,0.0
25.0,220.0,0.0
25.0,225.0,1.629513753096076e-05
25.0,230.0,0.0
25.0,235.0,0.0
25.0,240.0,0.0
25.0,245.0,0.0
25.0,250.0,0.0
25.0,255.0,0.0
25.0,260.0,0.0
25.0,265.0,0.0
25.0,270.0,1.629513753096076e-05
25.0,275.0,0.0
25.0,280.0,0.0
25.0,285.0,0.0
25.0,290.0,0.0
25.0,295.0,0.0
25.0,300.0,0.0
25.0,305.0,0.0
25.0,310.0,0.0
25.0,315.0,0.0
25.0,320.0,0.0
25.0,325.0,0.0
25.0,330.0,0.0
25.0,335.0,0.0
25.0,340.0,0.0
25.0,345.0,0.0
25.0,350.0,0.0
25.0,355.0,0.0
